location,info,work_time,pay,reg_date
대전 동구,[대전중구]당일출금가능/콜수많은 런닝맨에서 함께 하실분 구합니다.,시간협의,"일급200,000",2시간전
대전 서구,번개콜&런닝맨 배달대행 둔산점,시간협의,"일급200,000",2시간전
대전 서구,번개콜&런닝맨 배달대행 둔산점,시간협의,"일급200,000",2시간전
대전 서구,번개콜&런닝맨 배달대행 둔산점,시간협의,"일급200,000",2시간전
대전 서구,번개콜(런닝맨) 배달대행 둔산점,시간협의,"일급200,000",2시간전
대전 서구,번개콜(런닝맨) 배달대행 둔산점,시간협의,"일급200,000",2시간전
대전 서구,번개콜(런닝맨) 배달대행 둔산점,시간협의,"일급200,000",2시간전
대전 중구,오토바이렌트/중구/동구 배달대행 투잡가능 알바가능 초보가능&[일급바로지급],시간협의,"일급200,000",2시간전
대전 동구,여자라이더도 함께하는 대전배달대행연합 최다콜수보유중/상시모집,시간협의,"일급200,000",2시간전
대전 동구,여자라이더도 함께하는 대전배달대행연합 최다콜수보유중/상시모집,시간협의,"일급200,000",2시간전
대전 대덕구,"%런닝맨송촌지사% (초보,여성,알바,투잡 야간우대) 법동,송촌,중리",시간협의,"일급200,000",3시간전
대전 대덕구,"%런닝맨송촌지사% (초보,여성,알바,투잡 야간우대) 법동,송촌,중리",시간협의,"일급200,000",3시간전
대전 대덕구,"%런닝맨송촌지사% (초보,여성,알바,투잡 야간우대) 법동,송촌,중리",시간협의,"일급200,000",3시간전
대전 서구,[대전] 괴정 브리즈[BREEZE] 배달대행,시간협의,"일급200,000",3시간전
대전 서구,[대전] 괴정 브리즈[BREEZE] 배달대행,시간협의,"일급200,000",3시간전
대전 서구,[대전] 괴정 브리즈[BREEZE] 배달대행,시간협의,"일급200,000",3시간전
대전 동구,[급여당일지급]중구/동구 가벼운음식배달 알바투잡가능 초보자가능,시간협의,"일급200,000",3시간전
대전 동구,[대전중구]당일출금가능/콜수많은 런닝맨에서 함께 하실분 구합니다.,시간협의,"일급200,000",3시간전
대전 동구,[대전중구/동구]음식배달+초보가능+알바가능+투잡가능+친구와가능+여성가능,시간협의,"일급200,000",3시간전
대전 동구,배달대행 런닝맨 동구 대덕구 최다콜보장( 초보 알바 투잡 가능 ) 한남대주변,시간협의,"일급200,000",3시간전
대전 동구,배달대행 런닝맨 동구 대덕구 최다콜보장( 초보 알바 투잡 가능 ) 한남대주변,시간협의,"일급200,000",3시간전
대전 동구,배달대행 런닝맨 동구 대덕구 최다콜보장( 초보 알바 투잡 가능 ) 한남대주변,시간협의,"일급200,000",3시간전
대전 동구,"배달대행 런닝맨 동구 대덕구 중구 최다콜보장(초보,알바.투잡)한남대주변",10:00~01:00,"일급200,000",3시간전
대전 동구,"배달대행 런닝맨 동구 대덕구 중구 최다콜보장(초보,알바.투잡)한남대주변",10:00~01:00,"일급200,000",3시간전
대전 동구,"배달대행 런닝맨 동구 대덕구 중구 최다콜보장(초보,알바.투잡)한남대주변",10:00~01:00,"일급200,000",3시간전
대전 동구,"배달대행 런닝맨 동구 대덕구 최다콜보장(초보,알바,투잡)한남대 주변",시간협의,"일급200,000",3시간전
대전 동구,"배달대행 런닝맨 동구 대덕구 최다콜보장(초보,알바,투잡)한남대 주변",시간협의,"일급200,000",3시간전
대전 동구,"배달대행 런닝맨 동구 대덕구 최다콜보장(초보,알바,투잡)한남대 주변",시간협의,"일급200,000",3시간전
대전 서구,브리즈갈마 배달대행 기사모집(용문지부)아르바이트 차량기사,시간협의,"일급200,000",5시간전
대전 서구,브리즈갈마 배달대행 기사모집(괴정지부)아르바이트 차량기사,시간협의,"일급200,000",5시간전
대전 서구,브리즈갈마 배달대행 기사모집(갈마지부)아르바이트 차량기사,시간협의,"일급200,000",5시간전
대전 대덕구,프리미엄 배달대행 런닝맨 대전 전지역 남여기사 항시모집,시간협의,"일급200,000",5시간전
대전 대덕구,프리미엄 배달대행 런닝맨 대전 전지역 남여기사 항시모집,시간협의,"일급200,000",5시간전
대전 대덕구,프리미엄 배달대행 런닝맨 대전 전지역 남여기사 항시모집,시간협의,"일급200,000",5시간전
대전 중구,대전 최고의 배달대행업체 런닝맨 남여 기사 항시모집,시간협의,"일급200,000",5시간전
대전 중구,대전 최고의 배달대행업체 런닝맨 남여 기사 항시모집,시간협의,"일급200,000",5시간전
대전 중구,대전 최고의 배달대행업체 런닝맨 남여 기사 항시모집,시간협의,"일급200,000",5시간전
대전 동구,대전 동구 배달대행 런닝맨 남여 기사 항시모집,시간협의,"일급200,000",5시간전
대전 동구,대전 동구 배달대행 런닝맨 남여 기사 항시모집,시간협의,"일급200,000",5시간전
대전 동구,대전 동구 배달대행 런닝맨 남여 기사 항시모집,시간협의,"일급200,000",5시간전
대전 동구,대전 런닝맨 배달대행 동대전지사 (성남.용전.비래.송촌),시간협의,"일급200,000",5시간전
대전 동구,대전 런닝맨 배달대행 동대전지사 (성남.용전.비래.송촌),시간협의,"일급200,000",5시간전
대전 동구,대전 런닝맨 배달대행 동대전지사 (성남.용전.비래.송촌),시간협의,"일급200,000",5시간전
대전 대덕구,"런닝맨 배달대행 기사 모집 (동구 / 대덕구) 오정동,홍도동,용전동,중리동",시간협의,"일급200,000",12시간전
대전 동구,"런닝맨 배달대행 기사 모집 (동구 / 대덕구) 오정동,홍도동,용전동,중리동",시간협의,"일급200,000",12시간전
대전 동구,"런닝맨 배달대행 기사 모집 (동구 / 대덕구) 오정동,홍도동,용전동,중리동",시간협의,"일급200,000",12시간전
대전 대덕구,"런닝맨 배달대행 기사 모집 (동구 / 대덕구) 오정동,홍도동,용전동,중리동",시간협의,"일급200,000",12시간전
대전 대덕구,"런닝맨 배달대행 기사 모집 (동구 / 대덕구) 오정동,홍도동,용전동,중리동",시간협의,"일급200,000",12시간전
대전 대덕구,"런닝맨 배달대행 기사 모집 (동구 / 대덕구) 오정동,홍도동,용전동,중리동",시간협의,"일급200,000",12시간전
대전 동구,"런닝맨 배달대행 기사 모집 (동구 / 대덕구) 오정동,홍도동,용전동,중리동",시간협의,"일급200,000",12시간전
